A graphic novel is a type of comic book usually with a long storyline similar to those of novels .,A graphic novel is a book made up of comics content .,Entertainment,0.57,1
"Dodd died in June 1988 at the age of 79 in Atlanta , Georgia .","Bobby Dodd died in June 1988 at the age of 79 in Atlanta , Georgia .",Entertainment,0.25,0
"Barbara Billingsley ( December 22 , 1915 – October 16 , 2010 ) was an American movie , television , stage , and voice actor .","Barbara Billingsley ( born Barbara Lillian Combes ; December 22 , 1915 – October 16 , 2010 ) was an American film , television , voice , and stage actress .",Entertainment,0.46,1
The canton of La Canourgue has 7 `` communes '' in the `` arrondissement '' of Mende and 7 in Florac ; and the canton of Saint-Étienne-du-Valdonnez has 7 `` communes '' in Florac and 18 in Mende .,The cantons of the arrondissement of Florac are :,Entertainment,0.25,0
"José Ron ( born Édgar José Ron Vázquez , August 8 , 1981 in Guadalajara , Jalisco , Mexico ) , is a Mexican actor known for his performances in telenovelas , series and theater .","José Ron ( born August 8 , 1981 ) , is a Mexican television actor .",Entertainment,0.55,1
"magazine Some months later , she left Grönwalls to start a country music carrier with the albums `` Monia '' , recorded in the USA , and `` Söderns hjärtas ros '' .","magazine Some months later , she left Grönwalls to start a country music carrier with the albums `` Monia '' , recorded in the USA , and `` Söderns hjärtas ros '' . , albums who both entered the Swedish album chart .",Entertainment,0.49,1
What was left of Grace continued for about 18 hours before dissipating in the Celtic Sea early on October 7 .,The extratropical remnants of Grace persisted for roughly 18 hours before dissipating over the Celtic Sea early on October 7 .,Entertainment,0.3,0
"Their first child together , son Amir , was born in July 2007 .","A daughter , Eva-Marie , was born in June 2009 .",Entertainment,0.42,0
"Tempelhof-Schöneberg is one of the new borough of Berlin , formed in 2001 by merging the old boroughs of Tempelhof and Schöneberg .","Tempelhof-Schöneberg is the seventh borough of Berlin , formed in 2001 by merging the former boroughs of Tempelhof and Schöneberg .",Entertainment,0.26,0
"Pepper 's Lonely Hearts Club Band '' , written and sung by Paul McCartney , although as with all McCartney-written Beatles songs it is credited to Lennon/McCartney .","Pepper 's Lonely Hearts Club Band '' , written and sung by Paul McCartney , although as with all McCartney or Lennon-written Beatles ' songs , it is credited to Lennon–McCartney .",Entertainment,0.41,1
"The Getty Center , in Brentwood , Los Angeles , California , is a campus for cultural institutions founded by oilman J. Paul Getty .","The Getty Center , in Los Angeles , California , is a campus of the Getty Museum and other programs of the Getty Trust .",Entertainment,0.32,0
Esperantido is a term used for languages derivatives of Esperanto and an artificial language for describing a language project based on or inspired by Esperanto .,An Esperantido is a language project based on or inspired by Esperanto .,Entertainment,0.34,0
"It was named in April 2007 , after Fornjót , a storm giant from Norse mythology , father of Ægir , Kári , and Loge .","Fornjot was named after Fornjót , a giant in Norse mythology .",Entertainment,0.36,1
"The song , which contains the words `` Oh what joy for every girl and boy / Knowing they 're happy and they 're safe , '' is sometimes thought of as being a song for children , like `` Yellow Submarine '' , `` The Continuing Story of Bungalow Bill '' or `` All Together Now '' .","The song , which contains the lyrics `` Oh what joy for every girl and boy/Knowing they 're happy and they 're safe , '' is sometimes thought of as being a song for children , like `` Yellow Submarine '' or `` All Together Now '' .",Entertainment,0.42,1
He debuted as `` The Great Carsoni '' at age 14 and he was paid US $ 3 ; many other performances at local picnics and country fairs followed .,"Soon , many other performances at local picnics and country fairs followed .",Entertainment,0.85,1
"He was survived by his wife , Annette , daughters Linda Lyon , Barbara Stanny and Nancy Linsely and ten grandchildren .","He was survived by his wife , Annette ( nee Modell ) , daughters Linda Lyon , Barbara Stanny , and Nancy Linsely and ten grandchildren .",Entertainment,0.26,0
"Long known to the Aboriginal people of Australia , for Europeans , the western grey was the centre of a great deal of sometimes comical taxonomic confusion for almost 200 years .","Long known to the Aboriginal Australians , for Europeans , the western grey kangaroo was the centre of a great deal of sometimes comical taxonomic confusion for almost 200 years .",Entertainment,0.38,0
"This song was his debut single and was a Number One hit for him on many international charts like the Billboard Hot 100 , Hot Adult Contemporary Tracks and UK Top 40 charts .","The song , his solo debut single , was a number one hit on several international charts , including the `` Billboard '' Hot 100 , Hot Adult Contemporary Tracks and UK Singles Chart .",Entertainment,0.5,1
"Vesta was the virgin goddess of the hearth , home , and family in Roman mythology .",Vesta is the goddess of the hearth of the city of Rome .,Entertainment,0.37,0
The band was formed in 1992 by guitarist Infernus after he made a `` deal with the Devil '' .,Gorgoroth was founded in 1992 by guitarist Infernus .,Entertainment,0.55,1
The men collected rain water when they could and sometimes drank only 4 imperial fluid ounces ( 110 mL ) per day and had only a small amount of biscuits and bakers chocolate for food .,"They had collected rain water when they could , at times drinking only per day and had only a small amount of biscuits and bakers chocolate for food .",Entertainment,0.22,0
It was also the world 's tallest and fastest roller coaster for a short time until Steel Dragon 2000 opened later that year .,It was briefly the tallest and fastest in the world until Steel Dragon 2000 opened later the same year .,Entertainment,0.31,0
Alperton is a London Underground station on the Uxbridge branch of the Piccadilly Line .,Alperton is a London Underground station on the Uxbridge branch of the Piccadilly line .,Entertainment,0.3,0
"After being dismissed from the Central School of Speech and Drama , he travelled to Scotland and got a job at the Citizens Theatre in Glasgow .","After being dismissed from the Central School of Speech and Drama ( University of London ) for insubordination , he travelled to Scotland and got a job at the Citizens Theatre in Glasgow .",Entertainment,0.67,1
The ship Challenger One sped up along its course in an attempt to allow journalists to take their photos of the ongoing raid .,The `` Challenger 1 '' accelerated its course in an attempt to allow journalists on board to broadcast their photos of the ongoing raid .,Entertainment,0.2,0
"Cynthia Kadohata was born on July 02 , 1956 in Chicago , Illinois .","Kadohata was born in Chicago , Illinois .",Entertainment,0.3,0
"The album 's first single , `` What I 've Done '' , was released on April 2 , 2007 .","The single itself was released on October 21 , 2011 .",Entertainment,0.53,1
"In a demonstration , Halley and five companions dived to 60 feet in the River Thames , and remained there for over an hour and a half .","In a demonstration , Halley and five companions dived to in the River Thames , and remained there for over an hour and a half .",Entertainment,0.57,0
"Along with A Little Bit Special and The Craig Machine , the albums have sold over 250,000 copies .","Along with `` A Little Bit Special '' and `` The Craig Machine '' , the album has sold over 250,000 copies .",Entertainment,0.47,1
Horta is one of the most important names in Art Nouveau architecture .,Horta is considered one of the most important names in Art Nouveau architecture .,Entertainment,0.25,0
Then he was married to Vera Shelton from 1991 until his death in 2000 .,He remained devoted to her until her death in 1988 .,Entertainment,0.41,0
"Killer whales imitate others , and seem to deliberately teach skills to their young .","Killer whales imitate others , and seem to deliberately teach skills to their kin .",Entertainment,0.28,0
The Musikverein is where the world famous Vienna Philharmonic Orchestra perform .,It is the home to the Vienna Philharmonic orchestra .,Entertainment,0.6,1
"`` Boulevard of Broken Dreams '' is a song by the American punk rock band Green Day , from their seventh studio album , `` American Idiot '' .",`` Boulevard of Broken Dreams '' remains one of Green Day 's signature songs .,Entertainment,0.52,1
"The Netherlands banned absinthe in 1909 , followed by the United States in 1912 and France in 1915 .","The Netherlands banned absinthe in 1909 , Switzerland in 1910 , the United States in 1912 , and France in 1914 .",Entertainment,0.28,0
"Thomas James `` Tom '' Kenny ( born July 13 , 1962 ) is an American actor , voice actor , comedian , singer , writer , and musician .","Thomas James `` Tom '' Kenny ( born July 13 , 1962 ) is an American actor and comedian .",Entertainment,0.75,1
"When visiting Jenolan Caves , tourists can stay at the heritage-listed Jenolan Caves House hotel , designed in 1897 by government architect , Walter Liberty Vernon , as a resort or retreat for the wealthy .","When visiting Jenolan Caves , tourists can stay at the heritage-listed Jenolan Caves House , designed in 1897 by government architect , Walter Liberty Vernon , as a resort or retreat for the wealthy .",Entertainment,0.38,0
Megan Mullally revealed that she was originally doing a voice in the film .,Megan Mullally was originally going to provide a voice in the film .,Entertainment,0.47,1
"She married for the third time on May 27 , 1984 , to Hal Holbrook ( 14 years her senior ) , who is most noted for his appearances as Mark Twain .","She was married for the third time on May 27 , 1984 , to Hal Holbrook ( 14 years her senior ) , who is most noted for his appearances as Mark Twain .",Entertainment,0.38,1
"Lennon , McCartney , Starr , and Evans shared three different pianos , with Martin on the Harmonium , and all played an E-major chord simultaneously .","Lennon , McCartney , Starr , and Evans shared three different pianos , with Martin on the harmonium , and all played an E-major chord simultaneously .",Entertainment,0.55,1
"The Doughboy responds by rubbing his stomach and giggling ( `` Hoo-Hoo '' ! , or earlier on , a slight giggle `` hee hee '' ) .","The Doughboy responds when his stomach is poked by giggling ( `` Hoo-Hoo '' ! , or earlier on , a slight giggle `` tee hee '' ) .",Entertainment,0.73,1
"Altered states of consciousness can be associated with artistic creativity , or different focus levels .",Altered states of consciousness can also be associated with artistic creativity or different focus levels .,Entertainment,0.59,1
William John Paul `` Liam '' Gallagher ( born 21 September 1972 ) is an English musician and songwriter best known as a singer in the rock band Oasis .,"William John Paul `` Liam '' Gallagher ( born 21 September 1972 ) is an English musician , singer , and songwriter .",Entertainment,0.49,1
It is found in the region Rhône-Alpes in the Ain department in the east of France .,Sulignat is a commune in the Ain department in eastern France .,Entertainment,0.22,0
The game required players to press buttons corresponding to the order they appeared on-screen ; this basic mechanic would form the core of future rhythm games .,"It requires players to press buttons in the order that they appear on the screen , a basic mechanic that formed the core of future rhythm games .",Entertainment,0.33,1
After the session was over Jeff Hanneman talked with him and the two began playing Iron Maiden and Judas Priest songs with the session drummer .,After the session was over Jeff Hanneman approached him and the two began playing Iron Maiden and Judas Priest songs with the session 's drummer .,Entertainment,0.43,1
"The Arrernte people are the Aboriginal people who have lived around Alice Springs for more than 50,000 years .",The Aboriginal name for Alice Springs is `` Mparntwe '' .,Entertainment,0.34,0
"The Marvelous Misadventures of Flapjack is an American animated television series made for Cartoon Network that started on June 5 , 2008 .","The Marvelous Misadventures of Flapjack is an American animated television series created by Thurop Van Orman for Cartoon Network that premiered in North America on June 5 , 2008 .",Entertainment,0.84,1
"He filmed and has an incredible archive about well known Armenians , including the only film footage on Hovhannes Shiraz , incredible footage on Charles Aznavour visiting Armenia after the 1988 earthquake , the funeral of William Saroyan .","He filmed and has an archive about well known Armenians , including the only film footage on Hovhannes Shiraz , footage on Charles Aznavour visiting Armenia after the 1988 earthquake , the funeral of William Saroyan ( 1908–1981 ) .",Entertainment,0.38,1
Prague Manifesto ( ) is a manifesto in which are seven principles for Esperanto movement .,The Prague Manifesto ( ) is a set of seven widely shared principles of the Esperanto movement .,Entertainment,0.23,0
"A trust is created by the owner , also called a `` settlor '' , `` trustor '' or `` grantor '' who transfers property to a trustee .","A trust is created by a settlor , who transfers property to a trustee .",Entertainment,0.26,0
"With his rank obtained , the Prince , using the name of William Wales , followed his younger brother into the Blues and Royals as a troop commander in an armoured reconnaissance unit , after which he spent four months in training for the post at Bovington Camp , Dorset .","With his rank obtained , as `` Lieutenant Wales '' ( a name based on his father 's title , Prince of Wales ) , he followed his younger brother into the Blues and Royals as a troop commander in an armoured reconnaissance unit , after which he spent four months in training for the post at Bovington Camp , Dorset .",Entertainment,0.23,0
"Bowen died on May 4 , 2013 in his home in Donaldson , Indiana at the age of 95 .","Bowen died May 4 , 2013 , at a nursing home in Donaldson , Indiana .",Entertainment,0.31,0
"Larry Hankin ( born August 31 , 1940 ) is an American movie , television , radio , stage , voice actor , movie director and movie producer who is known for his role as Mr. Heckles in `` Friends '' .","Larry Hankin ( born August 31 , 1940 ) , is an American actor , performer , director and producer .",Entertainment,0.62,1
Section 52 deals with powers that belong only to the Commonwealth parliament .,Section 52 deals with powers `` exclusively '' vested in the Commonwealth parliament .,Entertainment,0.26,0
"When Zubin Mehta left to go to the New York Philharmonic in 1978 , Carlo Maria Giulini took over as Music Director .","When Zubin Mehta left for the New York Philharmonic in 1978 , Fleischmann convinced Carlo Maria Giulini to take over as Music Director .",Entertainment,0.31,1
"Guerrero died on August 17 , 2015 from pneumonia at the age of 87 .",Guerrero died on 17 August 2015 at the age of 87 .,Entertainment,0.35,0
"There are a lot of events that occur in this feast like the Miss Mandaue , Mr. Mandaue , Inter-Barangay Sports Competition , Queen Prince and Prices Coronation or QPP , Rodeos , Mantawi Festival , Bailes , Fairs and many more .","There are many events that occur in this feast like the inter-barangay sports competition , Queen Prince and Princess coronation , rodeos , street festival , bailes , fairs and many more .",Entertainment,0.54,1
The band toured for the album extensively .,The band toured the album extensively .,Entertainment,0.4,1
This category includes articles about the Golden Globe Awards .,This category comprises articles about the Golden Globe Award .,Entertainment,0.59,1
She has gained a reputation and has her own place in the history of Oriya fiction .,She has gained a reputation and has her own place in the history of Odia fiction .,Entertainment,0.44,1
He was known for restoring stability in the Maltese church following his predecessor Mikiel Gonzi 's dispute with the Malta Labour Party .,He is credited with restoring stability in the Maltese church following his predecessor Mikiel Gonzi 's dispute with the Malta Labour Party .,Entertainment,0.27,0
"For many years , the neighborhood was an industrial district The area was formerly home to a large commercial and adult-entertainment district , which has now been displaced .","The area formerly contained a commercial and adult-entertainment district , which has now been displaced .",Entertainment,0.76,1
Taito later repacked Bust-A-Move 2 with an optional alternative set of levels and some new attract mode animations ( including holiday-themed ones ) as `` Bust-A-Move 2X '' ( Also known as Puzzle Bobble 2X ) .,Taito later repacked Bust-A-Move 2 with an optional alternative set of levels and some new attract mode animations ( including holiday-themed ones ) as `` Bust-A-Move 2X '' ( also known as `` Puzzle Bobble 2X '' ) .,Entertainment,0.53,1
"He is known for his roles as Danny in the television movie , `` Escape to Witch Mountain '' , the voice of the toy-destroyer Sid Phillips in `` Toy Story '' , Andy Brinker in the Disney Channel original movie `` Brink !","He is known for his roles in `` Escape to Witch Mountain '' , `` Toy Story '' , `` Brink !",Entertainment,0.75,1
"He has also conducted many of the world 's greatest orchestras , including the Berlin Philharmonic , the Royal Concertgebouw , the Boston Symphony Orchestra , the Chicago Symphony Orchestra , the Cleveland Orchestra , and the London Symphony Orchestra .","He has also conducted many of the world 's greatest orchestras , including the Berlin Philharmonic , the Royal Concertgebouw Orchestra , the Boston Symphony Orchestra , the Chicago Symphony Orchestra , the Cleveland Orchestra , the Israel Philharmonic Orchestra , and the London Symphony Orchestra .",Entertainment,0.33,1
"Quijano was born Norman Noel Quijano Gonzalez on November 2 , 1946 in Santa Ana , El Salvador .","Quijano was born on November 2 , 1946 in Santa Ana , El Salvador .",Entertainment,0.33,0
"On June 30 , 2014 , before Monday Night Raw aired , Dashwood was arrested in Hartford , Connecticut for sixth-degree larceny .","On 30 June 2014 , Dashwood was arrested in Hartford , Connecticut .",Entertainment,0.25,0
"The name TMZ stands for thirty-mile zone after the historic `` studio zone '' at the intersection of West Beverly Boulevard and North La Cienega Boulevard in Los Angeles , California .","The name `` TMZ '' stands for `` thirty-mile zone '' , the historic `` studio zone '' within a 30-mile ( 50 km ) radius centered at the intersection of West Beverly Boulevard and North La Cienega Boulevard in Los Angeles , California .",Entertainment,0.29,0
De Havilland was born in Tokyo to British parents .,De Havilland was married twice .,Entertainment,0.39,0
"Rousta died from cancer on her 69th birthday ( 26 September 2015 ) in Los Angeles , California , United States .","She died of cancer on 26 September 2015 in a hospital in Los Angeles , California , United States .",Entertainment,0.32,0
change user rights of users on other wikis,edit user rights of users on other projects .,Entertainment,0.25,0
Wright 's paintings of royalty and aristocracy are in the collections of many great galleries today .,Wright 's paintings of royalty and aristocracy are included amongst the collections of many leading galleries today .,Entertainment,0.5,1
"It is based in Washington , D.C..","EarthEcho is based in Washington , D.C..",Entertainment,0.4,0
"George Reeves ( b. January 5 , 1914 in Woolstock , Iowa - June 16 , 1959 in Beverly Hills , Los Angeles , California ) , was an American actor .","George Reeves ( January 5 , 1914 – June 16 , 1959 ) was an American actor .",Entertainment,0.42,1
"Michele Ann Marie Fabares ( born January 19 , 1944 in Santa Monica , California ) , better known through the stage name Shelley Fabares , is an American movie and television actress .","Michele Ann Marie Fabares was born in Santa Monica , California .",Entertainment,0.38,0
Its patron goddess was the cobra goddess Wadjet .,Its patron Goddess was the cobra goddess Wadjet .,Entertainment,0.46,0
`` U.S. viewers in millions '' refers to the number of Americans in millions who watched the episodes live or recorded them and watched them within seven days of broadcast .,`` U.S. viewers ( million ) '' refers to the number of Americans in millions who watched the episode as it was aired .,Entertainment,0.44,1
Russell was married to British movie director Nicolas Roeg ( born 1928 ) from 1982 until they divorced .,"She married English film director Nicolas Roeg ( born 1928 ) , in 1982 .",Entertainment,0.5,1
"He has appeared in more than 20 movies , and was nominated for an Academy Award for his role in `` As Good as It Gets '' .",He was nominated for an Academy Award for his role in `` As Good as It Gets '' .,Entertainment,0.47,1
In 2008 El fad presented a new one -man show `` Docteur Escargot ( Doctor Snail ) '' .,On-stage in 2005 El Fad presented a new one-man show `` Docteur Escargot '' ( `` Doctor Snail '' ) .,Entertainment,0.71,1
"Most nasals are voiced , and , in fact , the nasal sounds and are among the most common sounds used in languages of the world .",The voiced retroflex nasal is is a common sound in Languages of India .,Entertainment,0.26,0
"`` Success '' ( 1977 ) told the story of two foster-brothers , Gregory Riding and Terry Service , and their good and bad luck .","`` Success '' ( 1977 ) told the story of two foster-brothers , Gregory Riding and Terry Service , and their rising and falling fortunes .",Entertainment,0.46,1
Credits for `` Versus '' from Allmusic .,Credits for `` Versus '' adapted from Allmusic .,Entertainment,0.39,1
"Queen are a British rock band that formed in London in 1970 , and are one of the most commercially successful musical acts of all time .",Queen are a British rock band that formed in London in 1970 .,Entertainment,0.47,1
"In August 2007 , Hager went back to Florida Championship Wrestling , where he began a rivalry with TJ Wilson .","In August 2007 , Hager was reassigned to Florida Championship Wrestling ( FCW ) , where he began a feud with TJ Wilson .",Entertainment,0.43,1
Following Greek usage it is called `` Platane '' or related names in Europe .,Following Greek usage it is called `` platane '' or related names in continental Europe .,Entertainment,0.29,0
`` Santeria '' is the second single off American ska punk band Sublime 's third and final studio album `` Sublime '' .,`` Santeria '' is a song by American rock band Sublime on their 1996 album `` Sublime '' .,Entertainment,0.41,1
"It is a live-action movie but its title character , a dragon named Elliott , is animated .","It is a live-action film but one of its title characters , a dragon named Elliott , is animated .",Entertainment,0.62,1
"Bowerbirds are most known for their unique courtship behaviour , where males build a structure and decorate it with sticks and brightly coloured objects .","They are renowned for their unique courtship behaviour , where males build a structure and decorate it with sticks and brightly coloured objects in an attempt to attract a mate .",Entertainment,0.34,0
"He was known for his roles in `` Meet Me in St. Louis '' ( 1944 ) , `` The Postman Always Rings Twice '' ( 1946 ) , `` Little Women '' ( 1949 ) , `` On Moonlight Bay '' ( 1951 ) and `` By the Light of the Silvery Moon '' ( 1953 ) .","He is best remembered for playing father figures in such films as `` Meet Me in St. Louis '' ( 1944 ) with Judy Garland as one of his daughters , `` Little Women '' ( 1949 ) , `` On Moonlight Bay '' ( 1951 ) , and `` By the Light of the Silvery Moon '' ( 1953 ) .",Entertainment,0.61,1
"These are supported by some of the production crew , who appear in the show and generally have some involvement with many parts of the investigation as they are performing their normal crew role .","The core investigation team are supported by some of the production crew , who appear in the show and are generally involved with the investigation whilst performing their normal crew role .",Entertainment,0.41,1
Gujar Garhi is a village and Union Council of Mardan District in the Khyber Pakhtunkhwa province of Pakistan .,Gujar Garhi is a village and union council in Mardan District of Khyber Pakhtunkhwa .,Entertainment,0.26,0
"None of the pre-Roman inhabitants of Britain had any written language , so their history , culture and way of life are known only through archaeological finds .","Because no literature of pre-Roman Britain has survived , its history , culture and way of life are known mainly through archaeological finds .",Entertainment,0.24,0
Her first appearance was in `` All My Children '' in 1985 .,Her television debut was on `` All My Children '' in 1985 .,Entertainment,0.68,1
"In 2006 , they were changed back to their round shape in the United States and some other places .","In 2007 , they reverted to their original shape in the United States .",Entertainment,0.28,0
"After a several-year break , Dahlström again starred in the movie `` Fröken Sverige '' ( Miss Sweden ) gaining nice comments .","After a several-year break , Dahlström again starred in the film `` Fröken Sverige '' ( Miss Sweden ) , for which she received favorable reviews .",Entertainment,0.63,1
"North Atlantic Books has been releasing the chronologically assembled `` The Complete Short Stories of Theodore Sturgeon '' , edited by Paul Williams , since 1994 .","North Atlantic Books has released the chronologically assembled `` The Complete Short Stories of Theodore Sturgeon '' , edited by Paul Williams , since 1994 .",Entertainment,0.35,1
"Later versions of the prop had more efficient wheels ( from shopping carts , according to a Blue Peter episode ) and were simply moved by the seated operators ' feet , but they remained so heavy that when going up ramps they often had to be pushed by stagehands out of where the camera could not see .","Later versions of the prop had more efficient wheels and were once again simply propelled by the seated operators ' feet , but they remained so heavy that when going up ramps they often had to be pushed by stagehands out of camera shot .",Entertainment,0.38,1
"In the above example , `` men , '' `` mortal , '' and `` Greeks . ''","In the above example , `` humans '' , `` mortal '' , and `` Greeks '' .",Entertainment,0.37,1
He had been in poor health since suffering two strokes in April 2006 .,Glazer had been in poor health since suffering two strokes in April 2006 .,Entertainment,0.3,0
He won both a Golden Globe and an Academy Award for Best Actor for his role in `` Philadelphia '' .,Hanks won the 1993 Academy Award for Best Actor for his role in `` Philadelphia '' .,Entertainment,0.5,1
"Aside from politics , Vasile used to write poetry under the pen name `` Radu Mischiu '' .",Vasile published poetry under the pen name `` Radu Mischiu '' .,Entertainment,0.27,1
"Some textile dyes are `` loose '' ( red being the main problem ) , and will release dye during solvent immersion .","Some textile dyes are `` loose '' ( red being the main culprit ) , and will shed dye during solvent immersion .",Entertainment,0.28,0
"A La Costa Sud ( La Musique De La Côte D'Azur ) is a compilation album imagined and produced by Italian musician and producer Pino Presti , published on May 2009 by Edizioni Musicali Curci .","A La Costa Sud ( La Musique De La Côte D'Azur ) is a compilation album created and produced by Italian musician and producer Pino Presti , realised in 2009 on Edizioni Musicali Curci .",Entertainment,0.39,1
"Federico Luppi ( ; born February 23 , 1936 , in Ramallo , Buenos Aires Province ) is an Argentine movie , television , radio and theatre actor .","Federico Luppi ( ; born February 23 , 1936 in Ramallo , Buenos Aires Province ) is an Argentine film , TV , radio and theatre actor .",Entertainment,0.75,1
"His lasting contribution as a children 's writer , Helsing was a finalist in 2010 for the biennial , international Hans Christian Andersen Award , the highest recognition available to creators of children 's books .","For his lasting contribution as a children 's writer , Helsing was a finalist in 2010 for the biennial , international Hans Christian Andersen Award , the highest recognition available to creators of children 's books .",Entertainment,0.21,1
"Near the end of 2007 , `` Glory to the Brave '' was released in Japan and the United States .","Towards the end of 1997 , `` Glory to the Brave '' was released in Japan and the United States .",Entertainment,0.59,1
`` U Do n't Have to Call '' is a song by American singer Usher .,`` U Do n't Have to Call '' is a song by American entertainer Usher .,Entertainment,0.96,1
"In 2005 , IEEE had close to 900 active standards , with 500 standards under development .","In 2013 , IEEE had over 900 active standards , with over 500 standards under development .",Entertainment,0.25,0
It is found in the region Rhône-Alpes in the Ain department in the east of France .,Saint-Rémy is a commune in the Ain department in eastern France .,Entertainment,0.23,0
Its key signature has no flats or sharps ( see below : Scales and keys ) .,Its key signature has no flats and no sharps .,Entertainment,0.22,0
Bede told the story of Cædmon who was an illiterate cow-herder who was suddenly able to recite a Christian song of creation in Old English verse .,"According to Bede , Cædmon was an illiterate cow-herder who miraculously was able to recite a Christian song of creation in Old English verse .",Entertainment,0.35,0
"The luffa `` sponge '' , also spelled `` loofah '' , which is commonly sold for use in the kitchen or the bath , is not derived from an animal but from the fibrous `` skeleton '' of a gourd ( Cucurbitaceae ) .","The luffa `` sponge '' , also spelled `` loofah '' , which is commonly sold for use in the kitchen or the shower , is not derived from an animal but mainly from the fibrous `` skeleton '' of the sponge gourd ( `` Luffa aegyptiaca '' , Cucurbitaceae ) .",Entertainment,0.22,0
It won the 2005 Academy Award for Best Make Up and various other awards and is the first movie in the series of movies based on the books .,It won the 2005 Academy Award for Best Makeup and various other awards .,Entertainment,0.56,1
"Ratatouille is an old French Provençal stewed vegetable dish , coming from Nice .","Ratatouille ( ; ) is a traditional French Provençal stewed vegetable dish , originating in Nice .",Entertainment,0.29,0
"The third , final series was shown from 2 April to 21 May 2010 .",The third series concluded on 21 May 2010 .,Entertainment,0.58,1
"Males are smaller than females ; males can grow up to the length of 22-40 cm , and females can grow up to the length of 28-72 cm .","Males are in total length , the females .",Entertainment,0.3,0
It was in the 1688 Romanian Bible where it was called `` Iosip '' but is not printed in the Orthodox Bible today .,It is no longer printed in the Romanian Bibles today .,Entertainment,0.27,0
"Paintings include a 7th-century painting of `` Christ on the Cross '' ( `` La Croce '' ) , 14th century works by Pietro Lorenzetti ( `` Madonna with Child '' ) and Bartolo di Fredi ( `` Madonna della Misericordia '' ) .","Paintings include a 12th-century painted crucifix from the Abbey of San Pietro in Vollore , 14th century works by Pietro Lorenzetti ( `` Madonna with Child '' ) and Bartolo di Fredi ( `` Madonna della Misericordia '' ) .",Entertainment,0.23,1
John Smith at Jamestown in Virginia Colony .,"John Smith at Jamestown , Virginia Colony .",Entertainment,0.25,0
"`` Of Mice and Men '' was made into a movie several times , the first in 1939 , only two years after the publication of the novel .",`` Of Mice and Men '' was adapted for the screen several times .,Entertainment,0.74,1
"Shrek forces Fiona to travel with him and Donkey , with Shrek and Fiona finding they have more in common with each other along the way , and falling in love .","Along the way , Shrek and Fiona find they have more in common and fall in love .",Entertainment,0.85,1
"However like Indian English , Pakistani English has preserved many phrases that are now considered old in Britain .","However like Indian English , Pakistani English has preserved many phrases that are now considered antiquated in Britain .",Entertainment,0.23,0
He said that he wrote for the emotion of the moment .,He stated that he wrote for the emotion of the moment .,Entertainment,0.54,1
The music video was also fourth on MTV2 and XXL 's list of the 25 Greatest West Coast Videos .,"In April 2005 , the video was fourth on MTV2 and XXL 's list of the 25 Greatest West Coast Videos .",Entertainment,0.52,1
"The seal , which shows a mounted cowboy surrounded by a 64-pointed star burst , was designed by Mrs. Gene Brown Pennington .","The seal , depicting a mounted cowboy surrounded by a 64-pointed starburst , was designed by Mrs. Gene Brown Pennington .",Entertainment,0.34,0
Mercury had a younger sister named Kashmira .,"He had a younger sister , Kashmira .",Entertainment,0.35,0
Tatyana wonders why he is now in love with her .,Tatyana confesses that she is in love .,Entertainment,0.5,1
Madison was the oldest of twelve children .,He grew up as the oldest of twelve children .,Entertainment,0.25,0
"Josephine rented a home in San Francisco , where Hammett would visit on weekends .","Dolan rented a home in San Francisco , California , where Hammett would visit on weekends .",Entertainment,0.36,0
"Anthony Oliver Scott ( born July 10 , 1966 ) is an American journalist and movie critic .","Anthony Oliver Scott ( born July 10 , 1966 ) is an American journalist and film critic .",Entertainment,0.49,1
"Gottfried Silbermann ( born Kleinbobritzsch , 14 January 1683 ; died Dresden , 4 August 1753 ) was a very important German builder of keyboard instruments .","Gottfried Silbermann ( January 14 , 1683 – August 4 , 1753 ) was a German builder of keyboard instruments .",Entertainment,0.22,0
She has also written three mini-books :,She has also written three mini books :,Entertainment,0.38,1
"During the Ottoman rule , the majority of Albanians were of Muslim affiliation ( Sunni and Bektashi ) .","During the Ottoman rule of Albania , the majority of Albanians converted to the Muslim affiliation ( Sunni and Bektashi ) .",Entertainment,0.2,0
"Peleshyan is also the author of many books , such as his 1988 book `` Moyo kino '' ( `` My Cinema '' ) .","Peleshyan is also the author of a range of theoretical works , such as his 1988 book , `` Moyo kino '' ( `` My Cinema '' ) .",Entertainment,0.39,1
Griffiths was married to Heather Gibson from 1980 until his death in 2013 .,Griffiths met Heather Gibson in 1973 and they married in 1980 .,Entertainment,0.4,1
"The celebrations began on the 25th when Hugo was presented with a Sèvres vase , the traditional gift for sovereigns .","The celebrations began on 25 June 1881 when Hugo was presented with a vase , the traditional gift for sovereigns .",Entertainment,0.46,1
"Robert Studley Forrest Hughes , AO ( 28 July 19386 August 2012 ) was an Australian-born art critic , writer and maker of television documentaries .","Robert Studley Forrest Hughes AO ( 28 July 19386 August 2012 ) was an Australian-born art critic , writer , and producer of television documentaries .",Entertainment,0.53,1
"Although there are various interpretations as to what exactly a chakra is , the following features are common in all systems :",The following features are common :,Entertainment,0.3,0
"They were once known as Goonie birds or Gooney birds , especially the albatrosses in the North Pacific .","They were once commonly known as goonie birds or gooney birds , particularly those of the North Pacific .",Entertainment,0.41,0
"Duane Eddy ( born April 26 , 1938 ) was a Grammy Award-winning American rock guitarist .","Duane Eddy ( born April 26 , 1938 ) is an American guitarist .",Entertainment,0.45,1
"The movie is titled `` Percy Jackson & the Olympians : The Lightning Thief '' and was first shown in the United States on February 12 , 2010 .","It was adapted into a film named `` '' released in the United States on February 12 , 2010 .",Entertainment,0.58,1
He died of pneumonia a day before his 93rd birthday .,"He died in 2005 , one day before his 93rd birthday .",Entertainment,0.34,0
Snyder said that the movie would take inspiration from the comic `` The Dark Knight Returns '' .,"According to Snyder , the film would take inspiration from the comic `` The Dark Knight Returns '' .",Entertainment,0.55,1
"In 2010 , the population was about 23,000 by the census .","The population was 22,787 at the 2010 census .",Entertainment,0.24,0
"One day , in a lake near his house , the Laird of Lorntie went to help a woman he thought drowning , and a servant of his pulled him back , warning that it was a mermaid , and the mermaid screamed after him that she would have killed him if it were not for his servant .","In one story , the Laird of Lorntie went to aid a woman he thought was drowning in a lake near his house ; a servant of his pulled him back , warning that it was a mermaid , and the mermaid screamed at them that she would have killed him if it were not for his servant .",Entertainment,0.35,1
"He studied philosophy and literature , but after a year he returned to London .","He studied philosophy and literature , but after a year left for London .",Entertainment,0.25,0
There is a scene in which two men are talking .,"In one scene , two men are talking .",Entertainment,0.46,1
"While drifting across the region , upper-level winds calmed down enough for the tropical disturbance to strengthen and to develop into Tropical Depression Fifteen on October 13 .","While drifting across the region , upper-level winds diminished enough for the tropical disturbance to strengthen and to develop into Tropical Depression Fifteen on October 13 .",Entertainment,0.26,0
No Way Out ( 2005 ) was a professional wrestling pay-per-view show made by World Wrestling Entertainment ( WWE ) .,No Way Out ( 2005 ) was the seventh annual No Way Out pay-per-view event produced by World Wrestling Entertainment ( WWE ) .,Entertainment,0.82,1
"Jack Joseph Kruschen ( March 20 , 1922 – April 2 , 2002 ) was a Canadian-American movie , television , stage , voice , and radio actor who is known for his role as Dr. Dreyfuss in `` The Apartment '' .","Jack Kruschen ( March 20 , 1922 – April 2 , 2002 ) was a Canadian-born character actor who worked primarily in American film , television and radio .",Entertainment,0.45,1
He followed the migration of the international tourist set from the hotels of Nice or San Remo in winter to Swiss mountain resorts such as Rigi-Kulm and Lucerne in summer .,"Regular moves then followed , usually twice a year just ahead of the migration of the international tourist set from the hotels of Nice or San Remo in winter to Swiss mountain resorts such as Rigi-Kulm and Lucerne in summer .",Entertainment,0.25,0
"Mister Rogers ' Neighborhood , or just Mister Rogers , was an American children 's television series that was created and hosted by Fred Rogers .",Mister Rogers ' Neighborhood ( often shortened to simply Mister Rogers ) is an American half-hour children 's television series that was created and hosted by namesake Fred Rogers .,Entertainment,0.51,1
"According to SAG 's Mission Statement , the Guild was created to negotiate and enforce reasonable salaries , benefits , and working conditions for its performers ; collect compensation for exploitation of recorded performances by its members , and provide protection against unauthorized use of those performances ; and preserve and expand work opportunities for its members .","According to SAG 's Mission Statement , the Guild sought to : negotiate and enforce collective bargaining agreements that establish equitable levels of compensation , benefits , and working conditions for its performers ; collect compensation for exploitation of recorded performances by its members , and provide protection against unauthorized use of those performances ; and preserve and expand work opportunities for its members .",Entertainment,0.32,0
Aaron had trained this Lucario to use aura .,Aaron had trained this Lucario to manipulate .,Entertainment,0.32,0
The bombers were called back just in time .,The bombers were recalled just in time .,Entertainment,0.23,0
"The normal order of words in Interlingua is subject-verb-object , but one can use other orders if the meaning is clear :","The normal word order in Interlingua is subject–verb–object , though this may be relaxed where the sense is clear .",Entertainment,0.25,0
"As of 2007-10-10 , the most recent stable release of Linspire is version 6.0 which was released in October of 2007 .","The first public release of Lindows was version 1.0 , released in late 2001 .",Entertainment,0.36,1
"The savant syndrome is a rare condition in which people with neurodevelopmental disorders , notably autism spectrum disorders , and/or brain injuries , demonstrate profound and prodigious capacities and/or abilities far in excess of what would be considered normal .","Savant syndrome is a condition in which a person with a mental disability , such as an autism spectrum disorder , demonstrates profound and prodigious capacities or abilities far in excess of what would be considered normal .",Entertainment,0.22,0
"Egg died after a brief hospitalization in Lima , Peru , aged 74 .",He died after a brief hospitalization in 2014 .,Entertainment,0.25,0
The WWE European Championship is a former championship for World Wrestling Entertainment .,The WWE European Championship was a professional wrestling championship competed for in World Wrestling Entertainment .,Entertainment,0.72,1
"Stoddard died on January 29 , 2014 in Owen Sound , Ontario .",Stoddard died in Owen Sound in 2014 .,Entertainment,0.3,0
"When Nemorino hears Adina reading to her workers the story of Tristan and Isolde , he considers using a magic potion to gain Adina 's love .","When Nemorino hears Adina reading to her workers the story of Tristan and Isolde , he is convinced that a magic potion will help him to gain Adina 's love .",Entertainment,0.6,1
"Apart from EU members , third parties Turkey , Switzerland , Norway and the United States will also take part .","Apart from EU members , third parties Turkey , Switzerland , Norway , Canada and the United States also take part .",Entertainment,0.31,0
"On September 1 , 2014 , Shivers died in Venice , Florida , aged 93 .","On September 1 , 2014 , Shivers died in Venice , Florida .",Entertainment,0.32,0
"He hosted his own show , `` The George Wendt Show '' , before it was cancelled in April 1995 .","`` The George Wendt Show '' aired from March through April , 1995 .",Entertainment,0.6,1
Bernice Worden had been cut open & dressed out like a deer .,The torso was `` dressed out like a deer '' .,Entertainment,0.31,1
"In 1998 , Carey successfully got ABC to get an American version of `` Whose Line ? ''","In 1998 , Carey successfully lobbied ABC to get an American version of `` Whose Line Is It Anyway ? ''",Entertainment,0.6,1
"Jeremy Mullin , another IGN reviewer , disagreed with Mell and Rich ; he felt that the characters were not brilliantly done , though he noted that they introduced some drama and romantic tension usually not found on Nickelodeon , especially between Aang and Katara .","Jeremy Mullin , another IGN reviewer , felt that the characters were not brilliantly done , though he noted that they introduced some drama and romantic tension usually not found on Nickelodeon , especially between Aang and Katara .",Entertainment,0.76,1
"Quotes : `` I want that one ... '' , `` I do n't like it '' , `` I look a pillock '' , `` Yeah I know !","Catchphrase : Andy : `` I want that one ... '' , `` I do n't like it '' , `` I look a pillock '' , `` Yeah I know !",Entertainment,0.48,1
Lambert was married to Diane Lane from 1988 until they divorced in 1994 .,Lambert was married to Diane Lane from October 1988 to 1994 .,Entertainment,0.38,1
"Verhavert died from a heart attack on 26 July 2014 , aged 87 .",Verhavert died of a heart attack aged 87 in July 2014 .,Entertainment,0.4,0
"She was born in Huron , South Dakota to Andrew E. Buck and his wife , the former Jessie Mae Pierce .","Humphrey was born Muriel Fay Buck in Huron , South Dakota , daughter of Andrew E. Buck and his wife , the former Jessie Mae Pierce .",Entertainment,0.27,0
"Dale Evans ( October 31 , 1912 – February 7 , 2001 ) was an American writer , movie actress , and singer-songwriter .","Dale Evans ( October 31 , 1912 – February 7 , 2001 ) was an American writer , film star and singer-songwriter .",Entertainment,0.51,1
Both sets of lights are now recommended to be green by the International Civil Aviation Organization and Federal Aviation Administration .,Both sets of lights are now recommended to be white by the International Civil Aviation Organization and Federal Aviation Administration .,Entertainment,0.27,0
It is found in the region Rhône-Alpes in the Ain department in the east of France .,Curtafond is a commune in the Ain department in eastern France .,Entertainment,0.25,0
"Smith was born on 3 December 1952 in Chiswick , Middlesex , England .",Smith was born and brought up in Chiswick .,Entertainment,0.34,0
"There are four members in the band : Black Francis ( vocals , rhythm guitar ) , Joey Santiago ( lead guitar ) , Kim Deal ( bass guitar , vocals ) , and David Lovering ( drums ) .","The group currently consists of founders Black Francis ( lead vocals , rhythm guitar ) , Joey Santiago ( lead guitar ) , and David Lovering ( drums ) .",Entertainment,0.49,1
"Harry Lillis `` Bing '' Crosby ( May 3 , 1903 - October 14 , 1977 ) was an American singer and actor .","Harry Lillis `` Bing '' Crosby , Jr. ( May 3 , 1903 – October 14 , 1977 ) was an American singer and actor .",Entertainment,0.45,1
It is found in the region Provence-Alpes-Côte d'Azur in the Alpes-Maritimes department in the south of France .,Cuébris is a commune in the Alpes-Maritimes department in southeastern France .,Entertainment,0.3,0
"Alden was born on September 13 , 1924 in Fort Worth , Texas and died at the age of 87 on July 27 , 2012 from natural causes in Los Angeles .","Alden died at the age of 87 on July 27 , 2012 from natural causes in Los Angeles .",Entertainment,0.34,0
"It was first shown on November 30 , 2007 in Italian cinemas .","The film had premiere on November 30 , 2007 in Italian cinemas .",Entertainment,0.5,1
"She has a reported 3,500 songs in her repertoire .","She had a reported more than 3,500 songs in her repertoire .",Entertainment,0.63,1
This list is the name that were set aside for the 1988 Atlantic hurricane season .,This is the same list used for the 1982 season .,Entertainment,0.34,0
"Moncrieff is located in south east Queensland , and includes the central area of the Gold Coast , including Surfers Paradise .",Moncrieff is based on Surfers Paradise and the central portion of the Gold Coast .,Entertainment,0.52,0
The word `` furlong '' comes from Old English words `` furh '' ( `` furrow '' ) and `` lang '' ( `` long '' ) .,The name `` furlong '' derives from the Old English words ' ( furrow ) and ' ( long ) .,Entertainment,0.24,0
Feleppa died of an AIDS-related brain hemorrhage in 1993 .,"In 1993 , Feleppa died of an AIDS-related brain haemorrhage .",Entertainment,0.23,0
"On September 7 , 1996 , Shakur was shot several times in a drive-by shooting at the intersection of Flamingo Road and Koval Lane in Las Vegas , Nevada .","On September 7 , 1996 , Shakur was fatally shot in a drive-by shooting at the intersection of Flamingo Road and Koval Lane in Las Vegas , Nevada .",Entertainment,0.25,0
Paul McGann ( born November 14 1959 ) is an English actor .,Paul John McGann ( born 14 November 1959 ) is an English actor .,Entertainment,0.56,1
"Ashkenazy is now also conductor laureate of the Philharmonia , conductor laureate of the Icelandic Symphony Orchestra , and music director of the European Union Youth Orchestra .","Ashkenazy is also conductor laureate of the Philharmonia Orchestra , conductor laureate of the Iceland Symphony Orchestra , and music director of the European Union Youth Orchestra .",Entertainment,0.37,1
"In the United States , the single 's chart performance was almost as good as `` Yellow '' s. It reached number 23 on the `` Billboard '' Adult Top 40 and 28 on the `` Billboard '' Modern Rock Tracks .","In the United States , the single 's chart performance was nearly as successful as that of `` Yellow '' 's .",Entertainment,0.5,1
"Once the portal of entry , may be seen extensive gardens in the French style in the middle of fountains , waterfalls and lakes , and the main greenhouse of 458 square meters , which holds in its interior , copies plants characteristic of tropical regions .","Once by the portal of entry , one may see extensive gardens in the French style amidst fountains , waterfalls and lakes , and the main greenhouse of 458 square meters , which shelters in its interior , specimens of plants characteristic of tropical regions .",Entertainment,0.34,0
"Lawless stated that after the series finale , where Gabrielle revives Xena with a mouth-to-mouth water transfer filmed to look like a full kiss , she had come to believe that Xena and Gabrielle 's relationship was `` definitely gay ... there was always a 'well , she might be or she might not be ' but when there was that drip of water passing between their lips in the very final scene , that cemented it for me .","There was always a , `` Well , she might be or she might not be '' but when there was that drip of water passing between their lips in the very final scene , that cemented it for me .",Entertainment,0.51,1
Non-vascular plants include two quite different groups :,Non-vascular plants include two distantly related groups :,Entertainment,0.25,0
She was born and raised in Chile and has won many awards for her television work in Sweden .,She has won several awards for her work in television .,Entertainment,0.78,1
"Initially , the idea of Bionicle was faced with resistance from `` company traditionalists '' as Lego had `` no experience of creating the kind of story-based , multichannel brand that was being proposed . ''","Initially , the idea of Bionicle faced resistance from company traditionalists as Lego had no experience of creating a story-based brand of their own .",Entertainment,0.53,1
"She was born in Dayton , Ohio .","Gish was born in Dayton , Ohio .",Entertainment,0.29,0
The end of the video shows the band dropping their instruments and leaving .,"At the end , the band drops their instruments and leaves .",Entertainment,0.55,1
"Emiliano Díez ( born 26 August 1953 in Havana , Cuba ) is a Cuban movie and television actor .",Emiliano Díez ( born 26 August 1953 ) is a Cuban film and television actor .,Entertainment,0.63,1
"The album was produced by Stock , Aitken and Waterman , who also wrote nine of the ten songs .","The album was produced by Stock , Aitken and Waterman , who also wrote nine of the ten tracks on the album .",Entertainment,0.4,1
It is found in the region Rhône-Alpes in the Ain department in the east of France .,Sainte-Olive is a commune in the Ain department in eastern France .,Entertainment,0.25,0
"The song was featured as downloadable content in the 2007 video game , `` Rock Band '' .",The song was released as downloadable content for the video game `` Rock Band '' .,Entertainment,0.61,1
"She was born in Oberaula , Hesse , German Empire .","She was born in Oberaula , Hesse .",Entertainment,0.29,0
Bangladesh–Thailand relations refer are foreign relations between Bangladesh and Thailand .,Bangladesh–Thailand relations refer to foreign relations between Bangladesh and Thailand .,Entertainment,0.22,0
"In 1988 , her cancer came back , and she died in August at the Motion Picture & Television Country House and Hospital in Woodland Hills , California .","She died in August at the Motion Picture & Television Country House and Hospital in Woodland Hills , California .",Entertainment,0.54,1
"Large numbers of tourists visit Bondi Beach throughout the year , and many Irish and British tourists spend Christmas Day there .",Many Irish and British tourists spend Christmas Day at the beach .,Entertainment,0.67,1
"Davy Crockett , King of the Wild Frontier is a 1955 Walt Disney movie starring Fess Parker as Davy Crockett .","Davy Crockett , King of the Wild Frontier is a 1955 live-action Walt Disney adventure film starring Fess Parker as Davy Crockett .",Entertainment,0.88,1
"On November 11 , 2010 , Destroy Rebuild Until God Shows released their first song , `` If You Think This Song Is About You , It Probably Is . ''","released their first song , `` If You Think This Song Is About You , It Probably Is . ''",Entertainment,0.65,1
Appeal patron Dame Judi Dench : It presents a full programme of performances and is also open for public tours .,It presents a full programme of performances and is also open for public tours .,Entertainment,0.85,1
"It is fleshy in humans and mammals , the skin being held up by the chin and the jaws , and making the wall of the human mouth , touching the cheekbone below the eye .","Cheeks are fleshy in humans , the skin being suspended by the chin and the jaws , and forming the lateral wall of the human mouth , visibly touching the cheekbone below the eye .",Entertainment,0.27,0
Lightning Bar was inducted into the American Quarter Horse Association 's American Quarter Horse Hall of Fame in 2008 .,Lightning Bar was inducted into the AQHA 's American Quarter Horse Hall of Fame in 2008 .,Entertainment,0.46,1
The book was originally published with the title `` The Naked Lunch '' in Paris in 1959 by Olympia Press .,The book was originally published with the title `` The Naked Lunch '' in Paris in July 1959 by Olympia Press .,Entertainment,0.27,1
"Since they began in 1990 , the Q Awards have become one of Britain 's biggest and most advertised music awards , helped by the often bad behaviour of the celebrities who turn up .","Since they began in 1990 , the Q Awards have become one of Britain 's biggest and best publicised music awards .",Entertainment,0.42,1
It is found in the Rhône-Alpes region in the Ain department in the east of France .,Dommartin is a commune in the Ain department in eastern France .,Entertainment,0.24,0
"Anne Wills `` Willsy '' ( born 3 October 1944 in Wangaratta , Victoria , Australia ) is an Adelaide television and radio personality .","Anne Shirley ( `` Willsy '' ) Wills ( born 3 October 1944 in Wangaratta , Victoria ) is an Australian television and radio personality .",Entertainment,0.42,1
"He served three years , six months of a six-year sentence in federal prison before being released early to a Baltimore halfway house on June 8 , 2010 .","He served 43 months before being released on December 3 , 2010 .",Entertainment,0.3,0
During his childhood he tried to run away from home many times .,During his childhood he attempted to run away from home many times .,Entertainment,0.26,0
"Several television series were based on the `` Mario '' series of video games , started by Nintendo .","Several television series were produced that were based on the `` Mario '' series of video games , developed by Nintendo .",Entertainment,0.86,1
"In 1998 , Disney believed that `` Simba 's Pride '' would be so popular that it shipped 15 million copies to stores for the October 27 release date .","In 1998 , Disney believed that `` The Lion King II : Simba 's Pride '' would be so popular that it shipped 13 million copies to stores for the October 27 release date .",Entertainment,0.7,1
The band was chosen by Animal Collective to perform their album `` Up on the Sun '' live at the All Tomorrow 's Parties music festival in May 2011 .,The band was chosen by Animal Collective to perform the album 'Up on the Sun ' live in its entirety at the All Tomorrow 's Parties festival that they curated in May 2011 .,Entertainment,0.81,1
"Grisi played Giselle with Lucien Petipa as her lover Albrecht , M. Simon as the gamekeeper Hilarion , and Adèle Dumilâtre as Myrtha , the Queen of the Wilis .","Grisi danced Giselle with Lucien Petipa as her lover Albrecht , Jean Coralli as the gamekeeper Hilarion , and Adèle Dumilâtre as Myrtha , the Queen of the Wilis .",Entertainment,0.83,1
"Edward Phillip `` Ed '' O'Neill , Jr. ( born April 12 , 1946 ) is an American movie , television , stage , and voice actor who is known for his roles as Al Bundy in `` Married ... with Children '' and as Jay Pritchett in `` Modern Family '' .","Edward Philip `` Ed '' O'Neill , Jr. ( born April 12 , 1946 ) is an American actor .",Entertainment,0.46,1
The city is linked by highways to distant towns around Sabah and these are mainly federal roads maintained by the national Public Works Department .,The city is linked by highways to other towns in Sabah .,Entertainment,0.23,0
It is found in the region Nord-Pas-de-Calais in the Pas-de-Calais department in the north of France .,Ambrines is a commune in the Pas-de-Calais department in northern France .,Entertainment,0.27,0
"The idea goes back to when director Andrew Stanton was a child , when he loved going to the dentist to see the fish tank , assuming that the fish were from the ocean and wanted to go home .","The inspiration for Nemo sprang from multiple experiences , going back to when director Andrew Stanton was a child , when he loved going to the dentist to see the fish tank , assuming that the fish were from the ocean and wanted to go home .",Entertainment,0.64,1
"Bernstein died on September 18 , 2015 in California , aged 55 .",Bernstein died in September 2015 at the age of 55 .,Entertainment,0.31,0
"However , to prevent Choi Yuk from despairing too much from not remembering her and Jophy , he proposes and they get married .","However , to prevent Choi-Yuk from despairing too much from not remembering her and Jophy , he promises that some day he will propose to her and they will get married .",Entertainment,0.56,1
"Janice Doreen Dickinson ( who was born on February 15 , 1955 ) is an American model who was very popular in 1970s and 1980s .","Janice Doreen Dickinson ( born February 15 , 1955 ) is an American model , photographer , author and talent agent .",Entertainment,0.5,1
"In 1958 , they changed their name to the `` Daimai Orions '' , the `` Tokyo Orions '' in 1964 , the `` Lotte Orions '' in 1969 , and finally the Chiba Lotte Marines since 1992 .","In 1964 they became the Tokyo Orions , and the Lotte Orions in 1969 .",Entertainment,0.39,1
There is a list by letter at the end of this article .,There is an alphabetic list at the end of this article .,Entertainment,0.27,0
He is the current guitarist of the Swedish power metal band HammerFall and the former guitarist of The Poodles .,Karl Pontus Norgren is the current guitarist of the Swedish power metal band HammerFall and formerly played guitar for The Poodles .,Entertainment,0.31,1
"However , Twofish is not widely used like the Blowfish , which has been available for a longer period of time .","However , Twofish has seen less widespread usage than Blowfish , which has been available longer .",Entertainment,0.5,0
She appeared in 17 movies between 1951 to 1979 .,She appeared in 17 films between 1951 and 1979 .,Entertainment,0.6,1
"Riordan was born in San Antonio , Texas .","Riordan was born and raised in San Antonio , Texas .",Entertainment,0.34,0
"Unreleased material such as demos , mixtapes , bootlegs , and promo-only recordings do not in general have the significant independent coverage in reliable sources needed for independent notability .","Unreleased material ( including demos , mixtapes , bootlegs , promo-only recordings ) is only notable if it has significant independent coverage in reliable sources .",Entertainment,0.39,1
"In some countries , for example the United States of America , Tuesday is the third day of the week .","in the US ) , it is the third day of the week .",Entertainment,0.36,0
"The station , Tanah Merah Station ( EW4 ) was the station along East West MRT Line which was connected with the services towards Changi Airport MRT Station ( CG2 ) .",The station is part of the East West Line and is between Simei and Bedok .,Entertainment,0.25,0
The windows are narrow by comparison to their height and are without tracery .,The arched windows are usually narrow by comparison to their height and are without tracery .,Entertainment,0.24,0
"In 1998 she became one of only two actresses ( the other is Helen Mirren ) to win a Golden Globe Award , an Academy Award and an Emmy Award in the same year .","In 1998 she won a Golden Globe Award , an Academy Award and an Emmy Award in the same year .",Entertainment,0.71,1
"Often , the more formal the meals are , the more `` banchan '' there will be .","Usually , the more formal the meals are , the more `` banchan '' there will be .",Entertainment,0.29,0
"It is gray overall , and adults have a bright yellow head and rusty `` shoulder patch '' ( the lesser coverts ) .","It is gray overall , and adults have a bright yellow head and rufous `` shoulder patch '' ( the lesser coverts ) .",Entertainment,0.28,0
The guideline details why spoiler warnings are not used on Wikipedia .,The `` '' guideline details why spoiler warnings are no longer used on Wikipedia .,Entertainment,0.24,0
"The award is named after the American short story author , O. Henry .","The award is named after the American short story writer , O. Henry .",Entertainment,0.31,1
Santa 's Little Helper is a greyhound and is the Simpson family pet dog .,He is the pet greyhound of the Simpson family .,Entertainment,0.42,1
"`` The Reader '' was nominated for many Academy Awards , including a Best Picture nomination .",It was nominated for five Academy Awards including Best Picture .,Entertainment,0.35,1
"If co-op mode is enabled , Knight accompanies Bishop on missions , whose appearance also varies depending on how the player desires him/her to look .","If co-op mode is enabled , Knight accompanies Bishop on missions , whose appearance also varies depending on how the player desires them to look .",Entertainment,0.34,1
"Her father is Jewish and her mother is of English , Filipino and German descent .",Steinfeld 's father is Jewish and her mother is of part Filipino descent .,Entertainment,0.48,1
Fouquières-lès-Lens is a commune in the Nord-Pas-de-Calais region in the Pas-de-Calais department in the north of France .,Fouquières-lès-Lens is a commune in the Pas-de-Calais department in the Nord-Pas-de-Calais region of France .,Entertainment,0.25,0
"Hansen died at a hospital in Pocatello , Idaho , aged 83 .","In 2014 , he died at a hospital in Pocatello , Idaho , aged 83 .",Entertainment,0.3,0
"A wristwatch is designed to be worn on a wrist , attached by a strap or other type of bracelet .","A wristwatch is designed to be worn on a wrist , attached by a watch strap or other type of bracelet .",Entertainment,0.25,0
"Even though the song received mixed reviews , the single entered at number one on the UK Singles Chart and number two on the Irish Singles Chart .",The single entered at number one on the UK Singles Chart and number two in the Republic of Ireland .,Entertainment,0.51,1
"The last act ends with the refugees coming together on the English border , and , in the revised version , ends with a chorus of bards celebrating their victory over the cruel tyrant .","The last act begins with an assembly of refugees on the English border , and , in the revised version , ends with a chorus of bards celebrating victory over the tyrant .",Entertainment,0.64,1
Rikishi looked like he was going to eliminate Sexay but Scotty entered the match next and they danced to their music while the Rumble match was still ongoing .,Rikishi looked as if he was about to throw Sexay out but Scotty entered the match next and convinced him instead to dance to their music while the Rumble match was still ongoing .,Entertainment,0.45,1
"He shares a crypt within the Panthéon with Alexandre Dumas , père and Émile Zola .",He shares a crypt within the with and .,Entertainment,0.29,0
Sometimes `` Ribes '' is instead put in the family Saxifragaceae .,Sometimes `` Ribes '' is instead included in the family Saxifragaceae .,Entertainment,0.25,0
Lower growing varieties are suitable for hanging baskets and border plantings .,Lower-growing cultivars are suitable for hanging baskets and border plantings .,Entertainment,0.26,0
"At this point , the Dutchess County Fairgrounds are north of Route 308 .","At this point , the Dutchess County Fairgrounds are located just to the north of Route 308 .",Entertainment,0.33,0
His first major books of poetry were `` Voices of the Night '' ( 1839 ) and `` Ballads and Other Poems '' ( 1841 ) .,His first major poetry collections were `` Voices of the Night '' ( 1839 ) and `` Ballads and Other Poems '' ( 1841 ) .,Entertainment,0.31,1
"Björn Nils Olof Skifs ( born 20 April 1947 in Vansbro , Sweden ) is a Swedish singer , songwriter , actor , and screenwriter .","Björn Nils Olof Skifs ( born 20 April 1947 in Vansbro , Dalarna ) is a Swedish singer , songwriter , actor , and screenwriter .",Entertainment,0.58,1
Groundwater 's short stories have won awards also .,Groundwater 's short stories have won several contests .,Entertainment,0.47,1
sulci on Miranda are named after the places where plays by Shakespeare happen .,Mirandan coronae are named after the locations of plays by Shakespeare .,Entertainment,0.38,1
"Poems like these are called pastoral , after the term for herding .","These works are , indeed , called pastoral , after the term for herding .",Entertainment,0.25,0
"The centre 's first exhibition under this project was held in March 2012 , in Alice Springs .","His first solo exhibition was held in 2004 , in Melbourne .",Entertainment,0.46,1
"Doug Perry of IGN said that the voice acting is `` nothing really that cute , clever or memorable '' in the game , and believed that Crash 's voice in the game is very similar to that of Luigi from the `` Mario Kart '' series .","On the subject of the voice acting , he concluded that there is `` nothing really that cute , clever or memorable '' in the game , and noted that Crash 's voice in the game is extremely similar to that of Luigi from the `` Mario Kart '' series .",Entertainment,0.51,1
"The EP barely reached the Billboard charts , at # 196 .",The EP dented the Billboard charts at No .,Entertainment,0.76,1
"All users , including children , are allowed to make changes without an account and without giving out information about themselves .","All users , including children , are permitted to edit anonymously without submitting identifying information .",Entertainment,0.42,0
"Paula Cole ( born April 5 , 1968 ) is an American singer and songwriter .","Paula Cole ( born April 5 , 1968 ) is an American singer-songwriter .",Entertainment,0.41,1
"In the relatively few pages devoted to the Antarctic , Morrell 's account of his discovery is brief and entirely matter-of-fact , crediting it to Captain Johnson two years earlier rather than to himself .","Nor would he have credited it to Captain Johnson two years earlier , rather than to himself .",Entertainment,0.22,0
"As of the 2000 census , there were 58,779 people , 21,920 households , and 15,607 families residing in the county .","As of the 2010 census , the population was 67,044 .",Entertainment,0.24,0
Aubrey Brain ( born London 12 July 1893 ; died London 21 September 1955 ) was a British French horn player .,Aubrey Brain ( 12 July 189321 September 1955 ) was a British horn player and teacher .,Entertainment,0.37,1
"Roberto Alagna ( born near Paris , 7 June 1963 ) is a French operatic tenor .",Roberto Alagna ( ; ) ( born 7 June 1963 ) is a French tenor .,Entertainment,0.41,1
"The addition of caches reduces the frequency or duration of stalls due to waiting for data to be fetched from the main memory hierarchy , but does not get rid of these stalls entirely .","The addition of caches reduces the frequency or duration of stalls due to waiting for data to be fetched from the memory hierarchy , but does not get rid of these stalls entirely .",Entertainment,0.27,0
The last combined issue came out in December 1927 .,The last issue appeared in December 1932 .,Entertainment,0.3,0
The mountain is clear mostly because of fires set by early settlers .,It remains clear largely because of fires set by early settlers .,Entertainment,0.22,0
Her musical career started when she performed the opening act for American singer Smokey Robinson at a Stevie Wonder tribute concert .,"At the age of 12 , Jordan served as an opening act for Smokey Robinson at a Stevie Wonder tribute concert .",Entertainment,0.72,1
"His father has African-American , Jamaican , English , German , Jewish , and Cherokee background , and his mother is of Russian , French , Dutch , Syrian , and Lebanese ancestry .","His paternal grandparents had African-American , Jamaican , English , German , Jewish , and Cherokee ancestry .",Entertainment,0.32,0
"According to Frederick Hoxie 's 'Encyclopedia of North American Indians ' Crazy Horse was the third in his male line of descent to bear the name of Crazy Horse , which in Oglala is Tasunke Witko .","According to Frederick Hoxie 's `` Encyclopedia of North American Indians '' ( 1996 ) , Crazy Horse was the third in his male line to bear the name of Crazy Horse , which in Oglala is `` Tasunke Witko '' .",Entertainment,0.27,0
He also earned the title `` Harwood Butcher '' .,He also earned the title `` The Harwood Butcher '' .,Entertainment,0.33,0
Gröna Lund is an amusement park on the island of Djurgården in the town of Stockholm in Sweden .,"Gröna Lund ( ) is an amusement park in Stockholm , Sweden .",Entertainment,0.98,1
Some of these advertisements showed Jumbo in strange places like the opera house and a saloon in the Wild West .,Some of these advertisements depicted Jumbo in odd ( for him ) places like an opera house or a saloon in the Wild West .,Entertainment,0.69,1
"The album debuted at number one in 20 countries worldwide , and was the third-fastest selling album in UK chart history .",The album debuted at number one on the UK Albums Chart .,Entertainment,0.41,1
"Daniel Boone was born in Berks County , Pennsylvania , the son of Squire Boone and Sarah Morgan .","Daniel Boone was born there , the sixth of 11 children .",Entertainment,0.28,0
"Without the right tools and technique , matcha can become `` burnt '' and is not such good quality .","Without the correct equipment and technique , matcha can become `` burnt '' and suffer degraded quality .",Entertainment,0.22,0
She also worked with D.A.R.E.. She planned a fundraising concert to help AIDS patients .,and planned a fund raising concert to help AIDS patients .,Entertainment,0.76,1
Barnum hired Scotty to take care of Jumbo even though he had many elephant keepers in the United States .,"Barnum hired Scotty to tend Jumbo , even though the showman had many elephant keepers in the United States .",Entertainment,0.65,1
"In September 2010 , Avex Entertainment announced plans to suspend all of JYJ 's Japanese activities claiming this stemmed from issues the label had with the president of JYJ 's Korean management , C-JeS Entertainment .","Avex claimed this stemmed from issues the label had with the president of the group 's Korean management , C-JeS Entertainment .",Entertainment,0.73,1
"Pedreros Jorge Arnaldo Aviles ( August 8 , 1942 – September 14 , 2013 ) was a Chilean musician , record producer , actor , comedian .","Pedreros was born on August 8 , 1942 in Santiago , Chile .",Entertainment,0.34,1
"Queen Guinevere was angry with Lancelot for having a son with Elaine , so she said that she never wanted to see him again .",She is furious with him and tells him she never wants to see him again .,Entertainment,0.34,0
"The dessert is made of egg yolk , flour , sugar , salt , vanilla , and milk mixed into a thin dough .","The sweet dumplings are made of egg yolk , flour , sugar , and vanilla , mixed into a thin dough .",Entertainment,0.24,0
"Amar Ramasar ( born c. 1981 , The Bronx ) is a principal dancer of the New York City Ballet .","Amar Ramasar was born in the Bronx , New York City .",Entertainment,0.34,0
"Like the other `` Falco '' species , they have long wings and a long tail .","Like the other `` Falco '' species , they have long wings as well as a distinctive long tail .",Entertainment,0.25,0
She is best known for co-writing and singing on the 2001 hit single `` Touch Me '' which she produced with Rui Da Silva .,"She is best known for writing and singing the 2001 hit single `` Touch Me '' , which she co-produced with Rui Da Silva .",Entertainment,0.64,1
"Faith Alexis Ford ( born September 14 , 1964 , in Alexandria , Louisiana ) is an American television and movie actress .","Faith Ford ( born Alexis Ford ; September 14 , 1964 ) is an American actress .",Entertainment,0.58,1
It is found in the region Provence-Alpes-Côte d'Azur in the Bouches-du-Rhône department in the south of France .,Carry-le-Rouet ( ) is a commune in the Bouches-du-Rhône department in southern France .,Entertainment,0.27,0
Things that have different charges attract each other .,"When separated , they attract each other .",Entertainment,0.46,1
"Amis was born in Swansea , South Wales .","Amis was born in Swansea , Wales .",Entertainment,0.35,0
"When the Governess arrives at Bly House she is greeted by the housekeeper , Mrs. Grose , and the children who ( bow and curtsey ) .","When she arrives at Bly House , the housekeeper , Mrs. Grose , and the children greet her .",Entertainment,0.35,1
"These observances are controlled by the government , but are not observed as holidays .","These observances are regulated by the government , but are not observed as holidays .",Entertainment,0.27,0
"Jane Krakowski ( ; born October 11 , 1968 ) is an American actress and singer .","Jane Krakowski ( ; born Jane Krajkowski ; October 11 , 1968 ) is an American actress and singer .",Entertainment,0.52,1
